Time,Total Energy
12/11/2019 5:45:13,361.50
12/11/2019 5:48:28,361.50
12/11/2019 5:51:44,361.50
12/11/2019 5:54:58,361.50
12/11/2019 5:58:14,361.50
12/11/2019 6:01:30,361.50
12/11/2019 6:04:45,361.50
12/11/2019 6:08:01,361.50
12/11/2019 6:11:15,361.50
12/11/2019 6:14:31,361.50
12/11/2019 6:17:46,361.50
12/11/2019 6:21:36,361.50
12/11/2019 6:24:52,361.50
12/11/2019 6:28:08,361.50
12/11/2019 6:31:24,361.50
12/11/2019 6:34:39,361.50
12/11/2019 6:37:55,361.50
12/11/2019 6:41:16,361.50
12/11/2019 6:44:32,361.50
12/11/2019 6:47:48,361.50
12/11/2019 6:51:04,361.50
12/11/2019 6:54:20,361.50
12/11/2019 6:57:35,361.50
12/11/2019 7:00:52,361.50
12/11/2019 7:04:06,361.50
12/11/2019 7:07:23,361.50
12/11/2019 7:13:58,361.60
12/11/2019 7:17:14,361.60
12/11/2019 7:20:29,361.60
12/11/2019 7:23:44,361.60
12/11/2019 7:26:59,361.60
12/11/2019 7:30:15,361.60
12/11/2019 7:33:32,361.60
12/11/2019 7:36:48,361.60
12/11/2019 7:40:03,361.60
12/11/2019 7:43:18,361.60
12/11/2019 7:46:34,361.60
12/11/2019 7:49:49,361.60
12/11/2019 7:53:05,361.60
12/11/2019 7:56:20,361.60
12/11/2019 7:59:35,361.60
12/11/2019 8:02:51,361.60
12/11/2019 8:06:06,361.60
12/11/2019 8:09:23,361.60
12/11/2019 8:12:39,361.60
12/11/2019 8:19:12,361.70
12/11/2019 8:22:29,361.70
12/11/2019 8:25:46,361.70
12/11/2019 8:29:02,361.70
12/11/2019 8:32:18,361.70
12/11/2019 8:35:35,361.70
12/11/2019 8:38:51,361.70
12/11/2019 8:42:06,361.70
12/11/2019 8:45:22,361.70
12/11/2019 8:48:39,361.70
12/11/2019 8:51:54,361.70
12/11/2019 8:55:09,361.70
12/11/2019 9:01:40,361.80
12/11/2019 9:04:55,361.80
12/11/2019 9:08:11,361.80
12/11/2019 9:11:27,361.80
12/11/2019 9:14:41,361.80
12/11/2019 9:17:57,361.80
12/11/2019 9:21:12,361.80
12/11/2019 9:24:29,361.80
12/11/2019 9:27:44,361.80
12/11/2019 9:34:15,361.90
12/11/2019 9:37:32,361.90
12/11/2019 9:40:49,361.90
12/11/2019 9:44:04,361.90
12/11/2019 9:47:22,361.90
12/11/2019 9:50:37,361.90
12/11/2019 9:53:54,361.90
12/11/2019 10:00:26,362.00
12/11/2019 10:03:42,362.00
12/11/2019 10:06:57,362.00
12/11/2019 10:10:18,362.00
12/11/2019 10:13:55,362.00
12/11/2019 10:17:21,362.00
12/11/2019 10:21:08,362.00
12/11/2019 10:24:27,362.00
12/11/2019 10:31:09,362.10
12/11/2019 10:34:26,362.10
12/11/2019 10:37:42,362.10
12/11/2019 10:40:57,362.10
12/11/2019 10:44:14,362.10
12/11/2019 10:50:46,362.20
12/11/2019 10:54:04,362.20
12/11/2019 10:57:20,362.20
12/11/2019 11:00:36,362.20
12/11/2019 11:03:53,362.20
12/11/2019 11:07:10,362.20
12/11/2019 11:10:25,362.20
12/11/2019 11:16:58,362.30
12/11/2019 11:20:13,362.30
12/11/2019 11:23:32,362.30
12/11/2019 11:26:48,362.30
12/11/2019 11:30:03,362.30
12/11/2019 11:33:21,362.30
12/11/2019 11:39:54,362.40
12/11/2019 11:43:11,362.40
12/11/2019 11:46:26,362.40
12/11/2019 11:49:45,362.40
12/11/2019 11:53:01,362.40
12/11/2019 11:56:16,362.40
12/11/2019 11:59:32,362.40
12/11/2019 12:06:46,362.50
12/11/2019 12:10:02,362.50
12/11/2019 12:13:17,362.50
12/11/2019 12:16:34,362.50
12/11/2019 12:19:53,362.50
12/11/2019 12:26:24,362.60
12/11/2019 12:29:40,362.60
12/11/2019 12:32:56,362.60
12/11/2019 12:36:11,362.60
12/11/2019 12:39:29,362.60
12/11/2019 12:42:45,362.60
12/11/2019 12:49:22,362.70
12/11/2019 12:52:39,362.70
12/11/2019 12:55:53,362.70
12/11/2019 12:59:11,362.70
12/11/2019 13:02:29,362.70
12/11/2019 13:05:45,362.70
12/11/2019 13:09:03,362.70
12/11/2019 13:15:38,362.80
12/11/2019 13:18:53,362.80
12/11/2019 13:22:11,362.80
12/11/2019 13:25:31,362.80
12/11/2019 13:28:52,362.80
12/11/2019 13:35:26,362.90
12/11/2019 13:38:45,362.90
12/11/2019 13:42:05,362.90
12/11/2019 13:45:21,362.90
12/11/2019 13:48:38,362.90
12/11/2019 13:51:54,362.90
12/11/2019 13:55:45,362.90
12/11/2019 14:02:58,363.00
12/11/2019 14:07:02,363.00
12/11/2019 14:11:32,363.00
12/11/2019 14:14:48,363.00
12/11/2019 14:18:08,363.00
12/11/2019 14:24:40,363.10
12/11/2019 14:27:59,363.10
12/11/2019 14:31:15,363.10
12/11/2019 14:34:31,363.10
12/11/2019 14:37:47,363.10
12/11/2019 14:41:04,363.10
12/11/2019 14:44:22,363.10
12/11/2019 14:50:57,363.20
12/11/2019 14:54:12,363.20
12/11/2019 14:57:28,363.20
12/11/2019 15:00:43,363.20
12/11/2019 15:04:00,363.20
12/11/2019 15:07:16,363.20
12/11/2019 15:10:31,363.20
12/11/2019 15:13:48,363.20
12/11/2019 15:20:22,363.30
12/11/2019 15:23:38,363.30
12/11/2019 15:26:57,363.30
12/11/2019 15:30:17,363.30
12/11/2019 15:33:33,363.30
12/11/2019 15:36:54,363.30
12/11/2019 15:40:09,363.30
12/11/2019 15:43:27,363.30
12/11/2019 15:46:45,363.30
12/11/2019 15:50:01,363.30
12/11/2019 15:56:34,363.40
12/11/2019 15:59:52,363.40
12/11/2019 16:03:08,363.40
12/11/2019 16:06:26,363.40
12/11/2019 16:09:43,363.40
12/11/2019 16:12:59,363.40
12/11/2019 16:16:33,363.40
12/11/2019 16:20:05,363.40
12/11/2019 16:23:33,363.40
12/11/2019 16:26:57,363.40
12/11/2019 16:30:26,363.40
12/11/2019 16:37:24,363.50
12/11/2019 16:40:52,363.50
12/11/2019 16:44:30,363.50
12/11/2019 16:47:58,363.50
12/11/2019 16:51:22,363.50
12/11/2019 16:54:49,363.50
12/11/2019 16:58:14,363.50
12/11/2019 17:01:48,363.50
12/11/2019 17:05:20,363.50
12/11/2019 17:08:46,363.50
12/11/2019 17:12:07,363.50
12/11/2019 17:15:31,363.50
12/11/2019 17:18:58,363.50
12/11/2019 17:22:17,363.50
12/11/2019 17:25:38,363.50
12/11/2019 17:29:02,363.50
12/11/2019 17:32:23,363.50
12/11/2019 17:35:43,363.50
12/11/2019 17:39:12,363.50
12/11/2019 17:42:33,363.50
12/11/2019 17:45:53,363.50
12/11/2019 17:49:14,363.50
12/11/2019 17:52:36,363.50
12/11/2019 17:55:55,363.50
12/11/2019 18:02:31,363.60
12/11/2019 18:05:47,363.60
12/11/2019 18:09:02,363.60
12/11/2019 18:12:24,363.60
12/11/2019 18:15:40,363.60
12/11/2019 18:18:56,363.60
12/11/2019 18:22:12,363.60
12/11/2019 18:25:27,363.60
12/11/2019 18:28:43,363.60
12/11/2019 18:31:57,363.60
12/11/2019 18:35:13,363.60
12/11/2019 18:38:28,363.60
12/11/2019 18:41:44,363.60
12/11/2019 18:44:59,363.60
12/11/2019 18:48:15,363.60
12/11/2019 18:51:30,363.60
12/11/2019 18:54:47,363.60
12/11/2019 18:58:03,363.60
12/11/2019 19:06:08,363.60
,
Time,Total Energy
12/11/2019 5:45:13,368.80
12/11/2019 5:48:28,368.80
12/11/2019 5:51:44,368.80
12/11/2019 5:54:58,368.80
12/11/2019 5:58:14,368.80
12/11/2019 6:01:30,368.80
12/11/2019 6:04:45,368.80
12/11/2019 6:08:01,368.80
12/11/2019 6:11:15,368.80
12/11/2019 6:14:31,368.80
12/11/2019 6:17:46,368.80
12/11/2019 6:21:36,368.80
12/11/2019 6:24:52,368.80
12/11/2019 6:28:08,368.80
12/11/2019 6:31:24,368.80
12/11/2019 6:34:39,368.80
12/11/2019 6:37:55,368.80
12/11/2019 6:41:16,368.80
12/11/2019 6:44:32,368.80
12/11/2019 6:47:48,368.80
12/11/2019 6:51:04,368.80
12/11/2019 6:54:20,368.80
12/11/2019 6:57:35,368.80
12/11/2019 7:00:52,368.80
12/11/2019 7:04:06,368.80
12/11/2019 7:07:23,368.80
12/11/2019 7:10:39,368.80
12/11/2019 7:13:58,368.80
12/11/2019 7:17:14,368.80
12/11/2019 7:20:29,368.80
12/11/2019 7:26:59,368.90
12/11/2019 7:30:15,368.90
12/11/2019 7:33:32,368.90
12/11/2019 7:36:48,368.90
12/11/2019 7:40:03,368.90
12/11/2019 7:43:18,368.90
12/11/2019 7:46:34,368.90
12/11/2019 7:49:49,368.90
12/11/2019 7:53:05,368.90
12/11/2019 7:56:20,368.90
12/11/2019 7:59:35,368.90
12/11/2019 8:02:51,368.90
12/11/2019 8:06:06,368.90
12/11/2019 8:09:23,368.90
12/11/2019 8:12:39,368.90
12/11/2019 8:15:54,368.90
12/11/2019 8:19:12,368.90
12/11/2019 8:25:46,369.00
12/11/2019 8:29:02,369.00
12/11/2019 8:32:18,369.00
12/11/2019 8:35:35,369.00
12/11/2019 8:38:51,369.00
12/11/2019 8:42:06,369.00
12/11/2019 8:45:22,369.00
12/11/2019 8:48:39,369.00
12/11/2019 8:51:54,369.00
12/11/2019 8:55:09,369.00
12/11/2019 8:58:24,369.00
12/11/2019 9:04:55,369.10
12/11/2019 9:08:11,369.10
12/11/2019 9:11:27,369.10
12/11/2019 9:14:41,369.10
12/11/2019 9:17:57,369.10
12/11/2019 9:21:12,369.10
12/11/2019 9:24:29,369.10
12/11/2019 9:27:44,369.10
12/11/2019 9:34:15,369.20
12/11/2019 9:37:32,369.20
12/11/2019 9:40:49,369.20
12/11/2019 9:44:04,369.20
12/11/2019 9:47:22,369.20
12/11/2019 9:50:37,369.20
12/11/2019 9:53:54,369.20
12/11/2019 10:00:26,369.30
12/11/2019 10:03:42,369.30
12/11/2019 10:06:57,369.30
12/11/2019 10:10:18,369.30
12/11/2019 10:13:55,369.30
12/11/2019 10:17:21,369.30
12/11/2019 10:21:08,369.30
12/11/2019 10:24:27,369.30
12/11/2019 10:31:09,369.40
12/11/2019 10:34:26,369.40
12/11/2019 10:37:42,369.40
12/11/2019 10:40:57,369.40
12/11/2019 10:44:14,369.40
12/11/2019 10:50:46,369.50
12/11/2019 10:54:04,369.50
12/11/2019 10:57:20,369.50
12/11/2019 11:00:36,369.50
12/11/2019 11:03:53,369.50
12/11/2019 11:07:10,369.50
12/11/2019 11:10:25,369.50
12/11/2019 11:16:58,369.60
12/11/2019 11:20:13,369.60
12/11/2019 11:23:32,369.60
12/11/2019 11:26:48,369.60
12/11/2019 11:30:03,369.60
12/11/2019 11:33:21,369.60
12/11/2019 11:39:54,369.70
12/11/2019 11:43:11,369.70
12/11/2019 11:46:26,369.70
12/11/2019 11:49:45,369.70
12/11/2019 11:53:01,369.70
12/11/2019 11:56:16,369.70
12/11/2019 11:59:32,369.70
12/11/2019 12:06:46,369.80
12/11/2019 12:10:02,369.80
12/11/2019 12:13:17,369.80
12/11/2019 12:16:34,369.80
12/11/2019 12:19:53,369.80
12/11/2019 12:26:24,369.90
12/11/2019 12:29:40,369.90
12/11/2019 12:32:56,369.90
12/11/2019 12:36:11,369.90
12/11/2019 12:39:29,369.90
12/11/2019 12:42:45,369.90
12/11/2019 12:49:22,370.00
12/11/2019 12:52:39,370.00
12/11/2019 12:55:53,370.00
12/11/2019 12:59:11,370.00
12/11/2019 13:02:29,370.00
12/11/2019 13:05:45,370.00
12/11/2019 13:09:03,370.00
12/11/2019 13:15:38,370.10
12/11/2019 13:18:53,370.10
12/11/2019 13:22:11,370.10
12/11/2019 13:25:31,370.10
12/11/2019 13:28:52,370.10
12/11/2019 13:35:26,370.20
12/11/2019 13:38:45,370.20
12/11/2019 13:42:05,370.20
12/11/2019 13:45:21,370.20
12/11/2019 13:48:38,370.20
12/11/2019 13:51:54,370.20
12/11/2019 13:55:45,370.20
12/11/2019 14:02:58,370.30
12/11/2019 14:07:02,370.30
12/11/2019 14:11:32,370.30
12/11/2019 14:14:48,370.30
12/11/2019 14:18:08,370.30
12/11/2019 14:24:40,370.40
12/11/2019 14:27:59,370.40
12/11/2019 14:31:15,370.40
12/11/2019 14:34:31,370.40
12/11/2019 14:37:47,370.40
12/11/2019 14:41:04,370.40
12/11/2019 14:44:22,370.40
12/11/2019 14:50:57,370.50
12/11/2019 14:54:12,370.50
12/11/2019 14:57:28,370.50
12/11/2019 15:00:43,370.50
12/11/2019 15:04:00,370.50
12/11/2019 15:07:16,370.50
12/11/2019 15:10:31,370.50
12/11/2019 15:13:48,370.50
12/11/2019 15:20:22,370.60
12/11/2019 15:23:38,370.60
12/11/2019 15:26:57,370.60
12/11/2019 15:30:17,370.60
12/11/2019 15:33:33,370.60
12/11/2019 15:36:54,370.60
12/11/2019 15:40:09,370.60
12/11/2019 15:43:27,370.60
12/11/2019 15:46:45,370.60
12/11/2019 15:50:01,370.60
12/11/2019 15:56:34,370.70
12/11/2019 15:59:52,370.70
12/11/2019 16:03:08,370.70
12/11/2019 16:06:26,370.70
12/11/2019 16:09:43,370.70
12/11/2019 16:12:59,370.70
12/11/2019 16:16:33,370.70
12/11/2019 16:20:05,370.70
12/11/2019 16:23:33,370.70
12/11/2019 16:26:57,370.70
12/11/2019 16:30:26,370.70
12/11/2019 16:37:24,370.80
12/11/2019 16:40:52,370.80
12/11/2019 16:44:30,370.80
12/11/2019 16:47:58,370.80
12/11/2019 16:51:22,370.80
12/11/2019 16:54:49,370.80
12/11/2019 16:58:14,370.80
12/11/2019 17:01:48,370.80
12/11/2019 17:05:20,370.80
12/11/2019 17:08:46,370.80
12/11/2019 17:12:07,370.80
12/11/2019 17:15:31,370.80
12/11/2019 17:18:58,370.80
12/11/2019 17:22:17,370.80
12/11/2019 17:25:38,370.80
12/11/2019 17:29:02,370.80
12/11/2019 17:32:23,370.80
12/11/2019 17:35:43,370.80
12/11/2019 17:39:12,370.80
12/11/2019 17:42:33,370.80
12/11/2019 17:45:53,370.80
12/11/2019 17:49:14,370.80
12/11/2019 17:52:36,370.80
12/11/2019 17:59:13,370.90
12/11/2019 18:02:31,370.90
12/11/2019 18:05:47,370.90
12/11/2019 18:09:02,370.90
12/11/2019 18:12:24,370.90
12/11/2019 18:15:40,370.90
12/11/2019 18:18:56,370.90
12/11/2019 18:22:12,370.90
12/11/2019 18:25:27,370.90
12/11/2019 18:28:43,370.90
12/11/2019 18:31:57,370.90
12/11/2019 18:35:13,370.90
12/11/2019 18:38:28,370.90
12/11/2019 18:41:44,370.90
12/11/2019 18:44:59,370.90
12/11/2019 18:48:15,370.90
12/11/2019 18:51:30,370.90
12/11/2019 18:54:47,370.90
12/11/2019 18:58:03,370.90
12/11/2019 19:06:08,370.90
,
Time,Total Energy
12/11/2019 5:45:13,354.00
12/11/2019 5:48:28,354.00
12/11/2019 5:51:44,354.00
12/11/2019 5:54:58,354.00
12/11/2019 5:58:14,354.00
12/11/2019 6:01:30,354.00
12/11/2019 6:04:45,354.00
12/11/2019 6:08:01,354.00
12/11/2019 6:11:15,354.00
12/11/2019 6:14:31,354.00
12/11/2019 6:17:46,354.00
12/11/2019 6:21:36,354.00
12/11/2019 6:24:52,354.00
12/11/2019 6:28:08,354.00
12/11/2019 6:31:24,354.00
12/11/2019 6:34:39,354.00
12/11/2019 6:37:55,354.00
12/11/2019 6:41:16,354.00
12/11/2019 6:44:32,354.00
12/11/2019 6:51:04,354.10
12/11/2019 6:54:20,354.10
12/11/2019 6:57:35,354.10
12/11/2019 7:00:52,354.10
12/11/2019 7:04:06,354.10
12/11/2019 7:07:23,354.10
12/11/2019 7:10:39,354.10
12/11/2019 7:13:58,354.10
12/11/2019 7:17:14,354.10
12/11/2019 7:20:29,354.10
12/11/2019 7:23:44,354.10
12/11/2019 7:26:59,354.10
12/11/2019 7:30:15,354.10
12/11/2019 7:33:32,354.10
12/11/2019 7:36:48,354.10
12/11/2019 7:40:03,354.10
12/11/2019 7:43:18,354.10
12/11/2019 7:46:34,354.10
12/11/2019 7:49:49,354.10
12/11/2019 7:53:05,354.10
12/11/2019 7:56:20,354.10
12/11/2019 7:59:35,354.10
12/11/2019 8:02:51,354.10
12/11/2019 8:06:06,354.10
12/11/2019 8:09:23,354.10
12/11/2019 8:15:54,354.20
12/11/2019 8:19:12,354.20
12/11/2019 8:22:29,354.20
12/11/2019 8:25:46,354.20
12/11/2019 8:29:02,354.20
12/11/2019 8:32:18,354.20
12/11/2019 8:35:35,354.20
12/11/2019 8:38:51,354.20
12/11/2019 8:42:06,354.20
12/11/2019 8:45:22,354.20
12/11/2019 8:48:39,354.20
12/11/2019 8:51:54,354.20
12/11/2019 8:55:09,354.20
12/11/2019 9:01:40,354.30
12/11/2019 9:04:55,354.30
12/11/2019 9:08:11,354.30
12/11/2019 9:11:27,354.30
12/11/2019 9:14:41,354.30
12/11/2019 9:17:57,354.30
12/11/2019 9:21:12,354.30
12/11/2019 9:24:29,354.30
12/11/2019 9:27:44,354.30
12/11/2019 9:34:15,354.40
12/11/2019 9:37:32,354.40
12/11/2019 9:40:49,354.40
12/11/2019 9:44:04,354.40
12/11/2019 9:47:22,354.40
12/11/2019 9:50:37,354.40
12/11/2019 9:53:54,354.40
12/11/2019 9:57:10,354.40
12/11/2019 10:00:26,354.40
12/11/2019 10:06:57,354.50
12/11/2019 10:10:18,354.50
12/11/2019 10:13:55,354.50
12/11/2019 10:17:21,354.50
12/11/2019 10:21:08,354.50
12/11/2019 10:24:27,354.50
12/11/2019 10:31:09,354.60
12/11/2019 10:34:26,354.60
12/11/2019 10:37:42,354.60
12/11/2019 10:40:57,354.60
12/11/2019 10:44:14,354.60
12/11/2019 10:47:31,354.60
12/11/2019 10:54:04,354.70
12/11/2019 10:57:20,354.70
12/11/2019 11:00:36,354.70
12/11/2019 11:03:53,354.70
12/11/2019 11:07:10,354.70
12/11/2019 11:10:25,354.70
12/11/2019 11:13:41,354.70
12/11/2019 11:20:13,354.80
12/11/2019 11:23:32,354.80
12/11/2019 11:26:48,354.80
12/11/2019 11:30:03,354.80
12/11/2019 11:33:21,354.80
12/11/2019 11:36:37,354.80
12/11/2019 11:39:54,354.80
12/11/2019 11:46:26,354.90
12/11/2019 11:49:45,354.90
12/11/2019 11:53:01,354.90
12/11/2019 11:56:16,354.90
12/11/2019 11:59:32,354.90
12/11/2019 12:03:30,354.90
12/11/2019 12:10:02,355.00
12/11/2019 12:13:17,355.00
12/11/2019 12:16:34,355.00
12/11/2019 12:19:53,355.00
12/11/2019 12:23:08,355.00
12/11/2019 12:29:40,355.10
12/11/2019 12:32:56,355.10
12/11/2019 12:36:11,355.10
12/11/2019 12:39:29,355.10
12/11/2019 12:42:45,355.10
12/11/2019 12:46:04,355.10
12/11/2019 12:49:22,355.10
12/11/2019 12:55:53,355.20
12/11/2019 12:59:11,355.20
12/11/2019 13:02:29,355.20
12/11/2019 13:05:45,355.20
12/11/2019 13:09:03,355.20
12/11/2019 13:12:19,355.20
12/11/2019 13:15:38,355.20
12/11/2019 13:22:11,355.30
12/11/2019 13:25:31,355.30
12/11/2019 13:28:52,355.30
12/11/2019 13:32:10,355.30
12/11/2019 13:35:26,355.30
12/11/2019 13:38:45,355.30
12/11/2019 13:45:21,355.40
12/11/2019 13:48:38,355.40
12/11/2019 13:51:54,355.40
12/11/2019 13:55:45,355.40
12/11/2019 13:59:14,355.40
12/11/2019 14:02:58,355.40
12/11/2019 14:11:32,355.50
12/11/2019 14:14:48,355.50
12/11/2019 14:18:08,355.50
12/11/2019 14:21:25,355.50
12/11/2019 14:24:40,355.50
12/11/2019 14:27:59,355.50
12/11/2019 14:34:31,355.60
12/11/2019 14:37:47,355.60
12/11/2019 14:41:04,355.60
12/11/2019 14:44:22,355.60
12/11/2019 14:47:41,355.60
12/11/2019 14:50:57,355.60
12/11/2019 14:54:12,355.60
12/11/2019 14:57:28,355.60
12/11/2019 15:00:43,355.60
12/11/2019 15:07:16,355.70
12/11/2019 15:10:31,355.70
12/11/2019 15:13:48,355.70
12/11/2019 15:17:03,355.70
12/11/2019 15:20:22,355.70
12/11/2019 15:23:38,355.70
12/11/2019 15:26:57,355.70
12/11/2019 15:30:17,355.70
12/11/2019 15:33:33,355.70
12/11/2019 15:40:09,355.80
12/11/2019 15:43:27,355.80
12/11/2019 15:46:45,355.80
12/11/2019 15:50:01,355.80
12/11/2019 15:53:17,355.80
12/11/2019 15:56:34,355.80
12/11/2019 15:59:52,355.80
12/11/2019 16:03:08,355.80
12/11/2019 16:06:26,355.80
12/11/2019 16:09:43,355.80
12/11/2019 16:16:33,355.90
12/11/2019 16:20:05,355.90
12/11/2019 16:23:33,355.90
12/11/2019 16:26:57,355.90
12/11/2019 16:30:26,355.90
12/11/2019 16:33:57,355.90
12/11/2019 16:37:24,355.90
12/11/2019 16:40:52,355.90
12/11/2019 16:44:30,355.90
12/11/2019 16:47:58,355.90
12/11/2019 16:51:22,355.90
12/11/2019 16:54:49,355.90
12/11/2019 16:58:14,355.90
12/11/2019 17:01:48,355.90
12/11/2019 17:05:20,355.90
12/11/2019 17:08:46,355.90
12/11/2019 17:12:07,355.90
12/11/2019 17:15:31,355.90
12/11/2019 17:22:17,356.00
12/11/2019 17:25:38,356.00
12/11/2019 17:29:02,356.00
12/11/2019 17:32:23,356.00
12/11/2019 17:35:43,356.00
12/11/2019 17:39:12,356.00
12/11/2019 17:42:33,356.00
12/11/2019 17:45:53,356.00
12/11/2019 17:49:14,356.00
12/11/2019 17:52:36,356.00
12/11/2019 17:55:55,356.00
12/11/2019 17:59:13,356.00
12/11/2019 18:02:31,356.00
12/11/2019 18:05:47,356.00
12/11/2019 18:09:02,356.00
12/11/2019 18:12:24,356.00
12/11/2019 18:15:40,356.00
12/11/2019 18:18:56,356.00
12/11/2019 18:22:12,356.00
12/11/2019 18:25:27,356.00
12/11/2019 18:28:43,356.00
12/11/2019 18:31:57,356.00
12/11/2019 18:35:13,356.00
12/11/2019 18:38:28,356.00
12/11/2019 18:41:44,356.00
12/11/2019 18:44:59,356.00
12/11/2019 18:48:15,356.00
12/11/2019 18:51:30,356.00
12/11/2019 18:54:47,356.00
12/11/2019 18:58:03,356.00
12/11/2019 19:06:08,356.00
,
Time,Total Energy
12/11/2019 5:45:13,351.70
12/11/2019 5:48:28,351.70
12/11/2019 5:51:44,351.70
12/11/2019 5:54:58,351.70
12/11/2019 5:58:14,351.70
12/11/2019 6:01:30,351.70
12/11/2019 6:04:45,351.70
12/11/2019 6:08:01,351.70
12/11/2019 6:11:15,351.70
12/11/2019 6:14:31,351.70
12/11/2019 6:17:46,351.70
12/11/2019 6:21:36,351.70
12/11/2019 6:24:52,351.70
12/11/2019 6:28:08,351.70
12/11/2019 6:31:24,351.70
12/11/2019 6:34:39,351.70
12/11/2019 6:37:55,351.70
12/11/2019 6:41:16,351.70
12/11/2019 6:44:32,351.70
12/11/2019 6:47:48,351.70
12/11/2019 6:51:04,351.70
12/11/2019 6:54:20,351.70
12/11/2019 6:57:35,351.70
12/11/2019 7:00:52,351.70
12/11/2019 7:04:06,351.70
12/11/2019 7:07:23,351.70
12/11/2019 7:10:39,351.70
12/11/2019 7:13:58,351.70
12/11/2019 7:17:14,351.70
12/11/2019 7:20:29,351.70
12/11/2019 7:23:44,351.70
12/11/2019 7:26:59,351.70
12/11/2019 7:30:15,351.70
12/11/2019 7:33:32,351.70
12/11/2019 7:36:48,351.70
12/11/2019 7:40:03,351.70
12/11/2019 7:43:18,351.70
12/11/2019 7:46:34,351.70
12/11/2019 7:49:49,351.70
12/11/2019 7:53:05,351.70
12/11/2019 7:56:20,351.70
12/11/2019 7:59:35,351.70
12/11/2019 8:02:51,351.70
12/11/2019 8:09:23,351.80
12/11/2019 8:12:39,351.80
12/11/2019 8:15:54,351.80
12/11/2019 8:19:12,351.80
12/11/2019 8:22:29,351.80
12/11/2019 8:25:46,351.80
12/11/2019 8:29:02,351.80
12/11/2019 8:32:18,351.80
12/11/2019 8:35:35,351.80
12/11/2019 8:38:51,351.80
12/11/2019 8:42:06,351.80
12/11/2019 8:45:22,351.80
12/11/2019 8:48:39,351.80
12/11/2019 8:55:09,351.90
12/11/2019 8:58:24,351.90
12/11/2019 9:01:40,351.90
12/11/2019 9:04:55,351.90
12/11/2019 9:08:11,351.90
12/11/2019 9:11:27,351.90
12/11/2019 9:14:41,351.90
12/11/2019 9:17:57,351.90
12/11/2019 9:21:12,351.90
12/11/2019 9:24:29,351.90
12/11/2019 9:31:01,352.00
12/11/2019 9:34:15,352.00
12/11/2019 9:37:32,352.00
12/11/2019 9:40:49,352.00
12/11/2019 9:44:04,352.00
12/11/2019 9:47:22,352.00
12/11/2019 9:50:37,352.00
12/11/2019 9:53:54,352.00
12/11/2019 10:00:26,352.10
12/11/2019 10:03:42,352.10
12/11/2019 10:06:57,352.10
12/11/2019 10:10:18,352.10
12/11/2019 10:13:55,352.10
12/11/2019 10:17:21,352.10
12/11/2019 10:21:08,352.10
12/11/2019 10:24:27,352.10
12/11/2019 10:31:09,352.20
12/11/2019 10:34:26,352.20
12/11/2019 10:37:42,352.20
12/11/2019 10:40:57,352.20
12/11/2019 10:44:14,352.20
12/11/2019 10:47:31,352.20
12/11/2019 10:54:04,352.30
12/11/2019 10:57:20,352.30
12/11/2019 11:00:36,352.30
12/11/2019 11:03:53,352.30
12/11/2019 11:07:10,352.30
12/11/2019 11:10:25,352.30
12/11/2019 11:13:41,352.30
12/11/2019 11:20:13,352.40
12/11/2019 11:23:32,352.40
12/11/2019 11:26:48,352.40
12/11/2019 11:30:03,352.40
12/11/2019 11:33:21,352.40
12/11/2019 11:36:37,352.40
12/11/2019 11:39:54,352.40
12/11/2019 11:46:26,352.50
12/11/2019 11:49:45,352.50
12/11/2019 11:53:01,352.50
12/11/2019 11:56:16,352.50
12/11/2019 11:59:32,352.50
12/11/2019 12:06:46,352.60
12/11/2019 12:10:02,352.60
12/11/2019 12:13:17,352.60
12/11/2019 12:16:34,352.60
12/11/2019 12:19:53,352.60
12/11/2019 12:23:08,352.60
12/11/2019 12:29:40,352.70
12/11/2019 12:32:56,352.70
12/11/2019 12:36:11,352.70
12/11/2019 12:39:29,352.70
12/11/2019 12:42:45,352.70
12/11/2019 12:46:04,352.70
12/11/2019 12:49:22,352.70
12/11/2019 12:55:53,352.80
12/11/2019 12:59:11,352.80
12/11/2019 13:02:29,352.80
12/11/2019 13:05:45,352.80
12/11/2019 13:09:03,352.80
12/11/2019 13:12:19,352.80
12/11/2019 13:15:38,352.80
12/11/2019 13:22:11,352.90
12/11/2019 13:25:31,352.90
12/11/2019 13:28:52,352.90
12/11/2019 13:32:10,352.90
12/11/2019 13:35:26,352.90
12/11/2019 13:38:45,352.90
12/11/2019 13:45:21,353.00
12/11/2019 13:48:38,353.00
12/11/2019 13:51:54,353.00
12/11/2019 13:55:45,353.00
12/11/2019 13:59:14,353.00
12/11/2019 14:02:58,353.00
12/11/2019 14:11:32,353.10
12/11/2019 14:14:48,353.10
12/11/2019 14:18:08,353.10
12/11/2019 14:21:25,353.10
12/11/2019 14:24:40,353.10
12/11/2019 14:27:59,353.10
12/11/2019 14:34:31,353.20
12/11/2019 14:37:47,353.20
12/11/2019 14:41:04,353.20
12/11/2019 14:44:22,353.20
12/11/2019 14:47:41,353.20
12/11/2019 14:50:57,353.20
12/11/2019 14:54:12,353.20
12/11/2019 14:57:28,353.20
12/11/2019 15:00:43,353.20
12/11/2019 15:07:16,353.30
12/11/2019 15:10:31,353.30
12/11/2019 15:13:48,353.30
12/11/2019 15:17:03,353.30
12/11/2019 15:20:22,353.30
12/11/2019 15:23:38,353.30
12/11/2019 15:26:57,353.30
12/11/2019 15:30:17,353.30
12/11/2019 15:33:33,353.30
12/11/2019 15:40:09,353.40
12/11/2019 15:43:27,353.40
12/11/2019 15:46:45,353.40
12/11/2019 15:50:01,353.40
12/11/2019 15:53:17,353.40
12/11/2019 15:56:34,353.40
12/11/2019 15:59:52,353.40
12/11/2019 16:03:08,353.40
12/11/2019 16:06:26,353.40
12/11/2019 16:09:43,353.40
12/11/2019 16:12:59,353.40
12/11/2019 16:20:05,353.50
12/11/2019 16:23:33,353.50
12/11/2019 16:26:57,353.50
12/11/2019 16:30:26,353.50
12/11/2019 16:33:57,353.50
12/11/2019 16:37:24,353.50
12/11/2019 16:40:52,353.50
12/11/2019 16:44:30,353.50
12/11/2019 16:47:58,353.50
12/11/2019 16:51:22,353.50
12/11/2019 16:54:49,353.50
12/11/2019 16:58:14,353.50
12/11/2019 17:01:48,353.50
12/11/2019 17:05:20,353.50
12/11/2019 17:08:46,353.50
12/11/2019 17:12:07,353.50
12/11/2019 17:15:31,353.50
12/11/2019 17:18:58,353.50
12/11/2019 17:25:38,353.60
12/11/2019 17:29:02,353.60
12/11/2019 17:32:23,353.60
12/11/2019 17:35:43,353.60
12/11/2019 17:39:12,353.60
12/11/2019 17:42:33,353.60
12/11/2019 17:45:53,353.60
12/11/2019 17:49:14,353.60
12/11/2019 17:52:36,353.60
12/11/2019 17:55:55,353.60
12/11/2019 17:59:13,353.60
12/11/2019 18:02:31,353.60
12/11/2019 18:05:47,353.60
12/11/2019 18:09:02,353.60
12/11/2019 18:12:24,353.60
12/11/2019 18:15:40,353.60
12/11/2019 18:18:56,353.60
12/11/2019 18:22:12,353.60
12/11/2019 18:25:27,353.60
12/11/2019 18:28:43,353.60
12/11/2019 18:31:57,353.60
12/11/2019 18:35:13,353.60
12/11/2019 18:38:28,353.60
12/11/2019 18:41:44,353.60
12/11/2019 18:44:59,353.60
12/11/2019 18:48:15,353.60
12/11/2019 18:51:30,353.60
12/11/2019 18:54:47,353.60
12/11/2019 18:58:03,353.60
12/11/2019 19:06:08,353.60
,
Time,Total Energy
12/11/2019 5:45:13,364.90
12/11/2019 5:48:28,364.90
12/11/2019 5:51:44,364.90
12/11/2019 5:54:58,364.90
12/11/2019 5:58:14,364.90
12/11/2019 6:01:30,364.90
12/11/2019 6:04:45,364.90
12/11/2019 6:08:01,364.90
12/11/2019 6:11:15,364.90
12/11/2019 6:14:31,364.90
12/11/2019 6:17:46,364.90
12/11/2019 6:21:36,364.90
12/11/2019 6:24:52,364.90
12/11/2019 6:28:08,364.90
12/11/2019 6:31:24,364.90
12/11/2019 6:34:39,364.90
12/11/2019 6:37:55,364.90
12/11/2019 6:41:16,364.90
12/11/2019 6:44:32,364.90
12/11/2019 6:47:48,364.90
12/11/2019 6:51:04,364.90
12/11/2019 6:54:20,364.90
12/11/2019 6:57:35,364.90
12/11/2019 7:00:52,364.90
12/11/2019 7:04:06,364.90
12/11/2019 7:07:23,364.90
12/11/2019 7:10:39,364.90
12/11/2019 7:13:58,364.90
12/11/2019 7:17:14,364.90
12/11/2019 7:20:29,364.90
12/11/2019 7:23:44,364.90
12/11/2019 7:26:59,364.90
12/11/2019 7:30:15,364.90
12/11/2019 7:33:32,364.90
12/11/2019 7:36:48,364.90
12/11/2019 7:40:03,364.90
12/11/2019 7:43:18,364.90
12/11/2019 7:46:34,364.90
12/11/2019 7:49:49,364.90
12/11/2019 7:53:05,364.90
12/11/2019 7:56:20,364.90
12/11/2019 7:59:35,364.90
12/11/2019 8:02:51,364.90
12/11/2019 8:09:23,365.00
12/11/2019 8:12:39,365.00
12/11/2019 8:15:54,365.00
12/11/2019 8:19:12,365.00
12/11/2019 8:22:29,365.00
12/11/2019 8:25:46,365.00
12/11/2019 8:29:02,365.00
12/11/2019 8:32:18,365.00
12/11/2019 8:35:35,365.00
12/11/2019 8:38:51,365.00
12/11/2019 8:42:06,365.00
12/11/2019 8:45:22,365.00
12/11/2019 8:48:39,365.00
12/11/2019 8:55:09,365.10
12/11/2019 8:58:24,365.10
12/11/2019 9:01:40,365.10
12/11/2019 9:04:55,365.10
12/11/2019 9:08:11,365.10
12/11/2019 9:11:27,365.10
12/11/2019 9:14:41,365.10
12/11/2019 9:17:57,365.10
12/11/2019 9:21:12,365.10
12/11/2019 9:24:29,365.10
12/11/2019 9:31:01,365.20
12/11/2019 9:34:15,365.20
12/11/2019 9:37:32,365.20
12/11/2019 9:40:49,365.20
12/11/2019 9:44:04,365.20
12/11/2019 9:47:22,365.20
12/11/2019 9:53:54,365.30
12/11/2019 9:57:10,365.30
12/11/2019 10:00:26,365.30
12/11/2019 10:03:42,365.30
12/11/2019 10:06:57,365.30
12/11/2019 10:10:18,365.30
12/11/2019 10:13:55,365.30
12/11/2019 10:17:21,365.30
12/11/2019 10:24:27,365.40
12/11/2019 10:27:54,365.40
12/11/2019 10:31:09,365.40
12/11/2019 10:34:26,365.40
12/11/2019 10:37:42,365.40
12/11/2019 10:40:57,365.40
12/11/2019 10:44:14,365.40
12/11/2019 10:50:46,365.50
12/11/2019 10:54:04,365.50
12/11/2019 10:57:20,365.50
12/11/2019 11:00:36,365.50
12/11/2019 11:03:53,365.50
12/11/2019 11:07:10,365.50
12/11/2019 11:10:25,365.50
12/11/2019 11:16:58,365.60
12/11/2019 11:20:13,365.60
12/11/2019 11:23:32,365.60
12/11/2019 11:26:48,365.60
12/11/2019 11:30:03,365.60
12/11/2019 11:36:37,365.70
12/11/2019 11:39:54,365.70
12/11/2019 11:43:11,365.70
12/11/2019 11:46:26,365.70
12/11/2019 11:49:45,365.70
12/11/2019 11:53:01,365.70
12/11/2019 11:59:32,365.80
12/11/2019 12:03:30,365.80
12/11/2019 12:06:46,365.80
12/11/2019 12:10:02,365.80
12/11/2019 12:13:17,365.80
12/11/2019 12:16:34,365.80
12/11/2019 12:19:53,365.80
12/11/2019 12:26:24,365.90
12/11/2019 12:29:40,365.90
12/11/2019 12:32:56,365.90
12/11/2019 12:36:11,365.90
12/11/2019 12:39:29,365.90
12/11/2019 12:46:04,366.00
12/11/2019 12:49:22,366.00
12/11/2019 12:52:39,366.00
12/11/2019 12:55:53,366.00
12/11/2019 12:59:11,366.00
12/11/2019 13:02:29,366.00
12/11/2019 13:09:03,366.10
12/11/2019 13:12:19,366.10
12/11/2019 13:15:38,366.10
12/11/2019 13:18:53,366.10
12/11/2019 13:22:11,366.10
12/11/2019 13:25:31,366.10
12/11/2019 13:28:52,366.10
12/11/2019 13:35:26,366.20
12/11/2019 13:38:45,366.20
12/11/2019 13:42:05,366.20
12/11/2019 13:45:21,366.20
12/11/2019 13:48:38,366.20
12/11/2019 13:51:54,366.20
12/11/2019 13:59:14,366.30
12/11/2019 14:02:58,366.30
12/11/2019 14:07:02,366.30
12/11/2019 14:11:32,366.30
12/11/2019 14:14:48,366.30
12/11/2019 14:18:08,366.30
12/11/2019 14:24:40,366.40
12/11/2019 14:27:59,366.40
12/11/2019 14:31:15,366.40
12/11/2019 14:34:31,366.40
12/11/2019 14:37:47,366.40
12/11/2019 14:41:04,366.40
12/11/2019 14:44:22,366.40
12/11/2019 14:50:57,366.50
12/11/2019 14:54:12,366.50
12/11/2019 14:57:28,366.50
12/11/2019 15:00:43,366.50
12/11/2019 15:04:00,366.50
12/11/2019 15:07:16,366.50
12/11/2019 15:10:31,366.50
12/11/2019 15:13:48,366.50
12/11/2019 15:20:22,366.60
12/11/2019 15:23:38,366.60
12/11/2019 15:26:57,366.60
12/11/2019 15:30:17,366.60
12/11/2019 15:33:33,366.60
12/11/2019 15:36:54,366.60
12/11/2019 15:40:09,366.60
12/11/2019 15:43:27,366.60
12/11/2019 15:46:45,366.60
12/11/2019 15:50:01,366.60
12/11/2019 15:56:34,366.70
12/11/2019 15:59:52,366.70
12/11/2019 16:03:08,366.70
12/11/2019 16:06:26,366.70
12/11/2019 16:09:43,366.70
12/11/2019 16:12:59,366.70
12/11/2019 16:16:33,366.70
12/11/2019 16:20:05,366.70
12/11/2019 16:23:33,366.70
12/11/2019 16:26:57,366.70
12/11/2019 16:30:26,366.70
12/11/2019 16:33:57,366.70
12/11/2019 16:40:52,366.80
12/11/2019 16:44:30,366.80
12/11/2019 16:47:58,366.80
12/11/2019 16:51:22,366.80
12/11/2019 16:54:49,366.80
12/11/2019 16:58:14,366.80
12/11/2019 17:01:48,366.80
12/11/2019 17:05:20,366.80
12/11/2019 17:08:46,366.80
12/11/2019 17:12:07,366.80
12/11/2019 17:15:31,366.80
12/11/2019 17:18:58,366.80
12/11/2019 17:22:17,366.80
12/11/2019 17:25:38,366.80
12/11/2019 17:29:02,366.80
12/11/2019 17:32:23,366.80
12/11/2019 17:35:43,366.80
12/11/2019 17:39:12,366.80
12/11/2019 17:42:33,366.80
12/11/2019 17:45:53,366.80
12/11/2019 17:49:14,366.80
12/11/2019 17:52:36,366.80
12/11/2019 17:55:55,366.80
12/11/2019 17:59:13,366.80
12/11/2019 18:02:31,366.80
12/11/2019 18:05:47,366.80
12/11/2019 18:09:02,366.80
12/11/2019 18:12:24,366.80
12/11/2019 18:15:40,366.80
12/11/2019 18:18:56,366.80
12/11/2019 18:22:12,366.80
12/11/2019 18:25:27,366.80
12/11/2019 18:31:57,366.90
12/11/2019 18:35:13,366.90
12/11/2019 18:38:28,366.90
12/11/2019 18:41:44,366.90
12/11/2019 18:44:59,366.90
12/11/2019 18:48:15,366.90
12/11/2019 18:51:30,366.90
12/11/2019 18:54:47,366.90
12/11/2019 18:58:03,366.90
12/11/2019 19:06:08,366.90
,
Time,Total Energy
12/11/2019 5:45:13,369.70
12/11/2019 5:48:28,369.70
12/11/2019 5:51:44,369.70
12/11/2019 5:54:58,369.70
12/11/2019 5:58:14,369.70
12/11/2019 6:01:30,369.70
12/11/2019 6:04:45,369.70
12/11/2019 6:08:01,369.70
12/11/2019 6:11:15,369.70
12/11/2019 6:14:31,369.70
12/11/2019 6:17:46,369.70
12/11/2019 6:21:36,369.70
12/11/2019 6:24:52,369.70
12/11/2019 6:28:08,369.70
12/11/2019 6:31:24,369.70
12/11/2019 6:34:39,369.70
12/11/2019 6:37:55,369.70
12/11/2019 6:41:16,369.70
12/11/2019 6:44:32,369.70
12/11/2019 6:47:48,369.70
12/11/2019 6:51:04,369.70
12/11/2019 6:54:20,369.70
12/11/2019 6:57:35,369.70
12/11/2019 7:00:52,369.70
12/11/2019 7:04:06,369.70
12/11/2019 7:07:23,369.70
12/11/2019 7:10:39,369.70
12/11/2019 7:13:58,369.70
12/11/2019 7:17:14,369.70
12/11/2019 7:20:29,369.70
12/11/2019 7:23:44,369.70
12/11/2019 7:26:59,369.70
12/11/2019 7:30:15,369.70
12/11/2019 7:33:32,369.70
12/11/2019 7:36:48,369.70
12/11/2019 7:40:03,369.70
12/11/2019 7:46:34,369.80
12/11/2019 7:49:49,369.80
12/11/2019 7:53:05,369.80
12/11/2019 7:56:20,369.80
12/11/2019 7:59:35,369.80
12/11/2019 8:02:51,369.80
12/11/2019 8:06:06,369.80
12/11/2019 8:09:23,369.80
12/11/2019 8:12:39,369.80
12/11/2019 8:15:54,369.80
12/11/2019 8:19:12,369.80
12/11/2019 8:22:29,369.80
12/11/2019 8:25:46,369.80
12/11/2019 8:29:02,369.80
12/11/2019 8:35:35,369.90
12/11/2019 8:38:51,369.90
12/11/2019 8:42:06,369.90
12/11/2019 8:45:22,369.90
12/11/2019 8:48:39,369.90
12/11/2019 8:51:54,369.90
12/11/2019 8:55:09,369.90
12/11/2019 8:58:24,369.90
12/11/2019 9:01:40,369.90
12/11/2019 9:04:55,369.90
12/11/2019 9:08:11,369.90
12/11/2019 9:14:41,370.00
12/11/2019 9:17:57,370.00
12/11/2019 9:21:12,370.00
12/11/2019 9:24:29,370.00
12/11/2019 9:27:44,370.00
12/11/2019 9:31:01,370.00
12/11/2019 9:34:15,370.00
12/11/2019 9:37:32,370.00
12/11/2019 9:44:04,370.10
12/11/2019 9:47:22,370.10
12/11/2019 9:50:37,370.10
12/11/2019 9:53:54,370.10
12/11/2019 9:57:10,370.10
12/11/2019 10:00:26,370.10
12/11/2019 10:03:42,370.10
12/11/2019 10:10:18,370.20
12/11/2019 10:13:55,370.20
12/11/2019 10:17:21,370.20
12/11/2019 10:21:08,370.20
12/11/2019 10:24:27,370.20
12/11/2019 10:27:54,370.20
12/11/2019 10:31:09,370.20
12/11/2019 10:34:26,370.20
12/11/2019 10:40:57,370.30
12/11/2019 10:44:14,370.30
12/11/2019 10:47:31,370.30
12/11/2019 10:50:46,370.30
12/11/2019 10:54:04,370.30
12/11/2019 11:00:36,370.40
12/11/2019 11:03:53,370.40
12/11/2019 11:07:10,370.40
12/11/2019 11:10:25,370.40
12/11/2019 11:13:41,370.40
12/11/2019 11:16:58,370.40
12/11/2019 11:20:13,370.40
12/11/2019 11:26:48,370.50
12/11/2019 11:30:03,370.50
12/11/2019 11:33:21,370.50
12/11/2019 11:36:37,370.50
12/11/2019 11:39:54,370.50
12/11/2019 11:43:11,370.50
12/11/2019 11:49:45,370.60
12/11/2019 11:53:01,370.60
12/11/2019 11:56:16,370.60
12/11/2019 11:59:32,370.60
12/11/2019 12:03:30,370.60
12/11/2019 12:06:46,370.60
12/11/2019 12:10:02,370.60
12/11/2019 12:16:34,370.70
12/11/2019 12:19:53,370.70
12/11/2019 12:23:08,370.70
12/11/2019 12:26:24,370.70
12/11/2019 12:29:40,370.70
12/11/2019 12:36:11,370.80
12/11/2019 12:39:29,370.80
12/11/2019 12:42:45,370.80
12/11/2019 12:46:04,370.80
12/11/2019 12:49:22,370.80
12/11/2019 12:52:39,370.80
12/11/2019 12:59:11,370.90
12/11/2019 13:02:29,370.90
12/11/2019 13:05:45,370.90
12/11/2019 13:09:03,370.90
12/11/2019 13:12:19,370.90
12/11/2019 13:15:38,370.90
12/11/2019 13:18:53,370.90
12/11/2019 13:25:31,371.00
12/11/2019 13:28:52,371.00
12/11/2019 13:32:10,371.00
12/11/2019 13:35:26,371.00
12/11/2019 13:38:45,371.00
12/11/2019 13:45:21,371.10
12/11/2019 13:48:38,371.10
12/11/2019 13:51:54,371.10
12/11/2019 13:55:45,371.10
12/11/2019 13:59:14,371.10
12/11/2019 14:02:58,371.10
12/11/2019 14:11:32,371.20
12/11/2019 14:14:48,371.20
12/11/2019 14:18:08,371.20
12/11/2019 14:21:25,371.20
12/11/2019 14:24:40,371.20
12/11/2019 14:27:59,371.20
12/11/2019 14:34:31,371.30
12/11/2019 14:37:47,371.30
12/11/2019 14:41:04,371.30
12/11/2019 14:44:22,371.30
12/11/2019 14:47:41,371.30
12/11/2019 14:50:57,371.30
12/11/2019 14:54:12,371.30
12/11/2019 14:57:28,371.30
12/11/2019 15:04:00,371.40
12/11/2019 15:07:16,371.40
12/11/2019 15:10:31,371.40
12/11/2019 15:13:48,371.40
12/11/2019 15:17:03,371.40
12/11/2019 15:20:22,371.40
12/11/2019 15:23:38,371.40
12/11/2019 15:26:57,371.40
12/11/2019 15:30:17,371.40
12/11/2019 15:36:54,371.50
12/11/2019 15:40:09,371.50
12/11/2019 15:43:27,371.50
12/11/2019 15:46:45,371.50
12/11/2019 15:50:01,371.50
12/11/2019 15:53:17,371.50
12/11/2019 15:56:34,371.50
12/11/2019 15:59:52,371.50
12/11/2019 16:03:08,371.50
12/11/2019 16:06:26,371.50
12/11/2019 16:09:43,371.50
12/11/2019 16:16:33,371.60
12/11/2019 16:20:05,371.60
12/11/2019 16:23:33,371.60
12/11/2019 16:26:57,371.60
12/11/2019 16:30:26,371.60
12/11/2019 16:33:57,371.60
12/11/2019 16:37:24,371.60
12/11/2019 16:40:52,371.60
12/11/2019 16:44:30,371.60
12/11/2019 16:47:58,371.60
12/11/2019 16:51:22,371.60
12/11/2019 16:54:49,371.60
12/11/2019 16:58:14,371.60
12/11/2019 17:01:48,371.60
12/11/2019 17:05:20,371.60
12/11/2019 17:12:07,371.70
12/11/2019 17:15:31,371.70
12/11/2019 17:18:58,371.70
12/11/2019 17:22:17,371.70
12/11/2019 17:25:38,371.70
12/11/2019 17:29:02,371.70
12/11/2019 17:32:23,371.70
12/11/2019 17:35:43,371.70
12/11/2019 17:39:12,371.70
12/11/2019 17:42:33,371.70
12/11/2019 17:45:53,371.70
12/11/2019 17:49:14,371.70
12/11/2019 17:52:36,371.70
12/11/2019 17:55:55,371.70
12/11/2019 17:59:13,371.70
12/11/2019 18:02:31,371.70
12/11/2019 18:05:47,371.70
12/11/2019 18:09:02,371.70
12/11/2019 18:12:24,371.70
12/11/2019 18:15:40,371.70
12/11/2019 18:18:56,371.70
12/11/2019 18:22:12,371.70
12/11/2019 18:25:27,371.70
12/11/2019 18:28:43,371.70
12/11/2019 18:31:57,371.70
12/11/2019 18:35:13,371.70
12/11/2019 18:38:28,371.70
12/11/2019 18:41:44,371.70
12/11/2019 18:44:59,371.70
12/11/2019 18:48:15,371.70
12/11/2019 18:51:30,371.70
12/11/2019 18:54:47,371.70
12/11/2019 18:58:03,371.70
12/11/2019 19:06:08,371.70
,
Time,Total Energy
12/11/2019 5:45:13,358.30
12/11/2019 5:48:28,358.30
12/11/2019 5:51:44,358.30
12/11/2019 5:54:58,358.30
12/11/2019 5:58:14,358.30
12/11/2019 6:01:30,358.30
12/11/2019 6:04:45,358.30
12/11/2019 6:08:01,358.30
12/11/2019 6:11:15,358.30
12/11/2019 6:14:31,358.30
12/11/2019 6:17:46,358.30
12/11/2019 6:21:36,358.30
12/11/2019 6:24:52,358.30
12/11/2019 6:28:08,358.30
12/11/2019 6:31:24,358.30
12/11/2019 6:34:39,358.30
12/11/2019 6:37:55,358.30
12/11/2019 6:41:16,358.30
12/11/2019 6:44:32,358.30
12/11/2019 6:47:48,358.30
12/11/2019 6:51:04,358.30
12/11/2019 6:54:20,358.30
12/11/2019 6:57:35,358.30
12/11/2019 7:00:52,358.30
12/11/2019 7:04:06,358.30
12/11/2019 7:10:39,358.40
12/11/2019 7:13:58,358.40
12/11/2019 7:17:14,358.40
12/11/2019 7:20:29,358.40
12/11/2019 7:23:44,358.40
12/11/2019 7:26:59,358.40
12/11/2019 7:30:15,358.40
12/11/2019 7:33:32,358.40
12/11/2019 7:36:48,358.40
12/11/2019 7:40:03,358.40
12/11/2019 7:43:18,358.40
12/11/2019 7:46:34,358.40
12/11/2019 7:49:49,358.40
12/11/2019 7:53:05,358.40
12/11/2019 7:56:20,358.40
12/11/2019 7:59:35,358.40
12/11/2019 8:02:51,358.40
12/11/2019 8:06:06,358.40
12/11/2019 8:09:23,358.40
12/11/2019 8:12:39,358.40
12/11/2019 8:19:12,358.50
12/11/2019 8:22:29,358.50
12/11/2019 8:25:46,358.50
12/11/2019 8:29:02,358.50
12/11/2019 8:32:18,358.50
12/11/2019 8:35:35,358.50
12/11/2019 8:38:51,358.50
12/11/2019 8:42:06,358.50
12/11/2019 8:45:22,358.50
12/11/2019 8:48:39,358.50
12/11/2019 8:51:54,358.50
12/11/2019 8:55:09,358.50
12/11/2019 9:01:40,358.60
12/11/2019 9:04:55,358.60
12/11/2019 9:08:11,358.60
12/11/2019 9:11:27,358.60
12/11/2019 9:14:41,358.60
12/11/2019 9:17:57,358.60
12/11/2019 9:21:12,358.60
12/11/2019 9:24:29,358.60
12/11/2019 9:27:44,358.60
12/11/2019 9:34:15,358.70
12/11/2019 9:37:32,358.70
12/11/2019 9:40:49,358.70
12/11/2019 9:44:04,358.70
12/11/2019 9:47:22,358.70
12/11/2019 9:50:37,358.70
12/11/2019 9:53:54,358.70
12/11/2019 9:57:10,358.70
12/11/2019 10:00:26,358.70
12/11/2019 10:06:57,358.80
12/11/2019 10:10:18,358.80
12/11/2019 10:13:55,358.80
12/11/2019 10:17:21,358.80
12/11/2019 10:21:08,358.80
12/11/2019 10:24:27,358.80
12/11/2019 10:31:09,358.90
12/11/2019 10:34:26,358.90
12/11/2019 10:37:42,358.90
12/11/2019 10:40:57,358.90
12/11/2019 10:44:14,358.90
12/11/2019 10:47:31,358.90
12/11/2019 10:54:04,359.00
12/11/2019 10:57:20,359.00
12/11/2019 11:00:36,359.00
12/11/2019 11:03:53,359.00
12/11/2019 11:07:10,359.00
12/11/2019 11:10:25,359.00
12/11/2019 11:13:41,359.00
12/11/2019 11:20:13,359.10
12/11/2019 11:23:32,359.10
12/11/2019 11:26:48,359.10
12/11/2019 11:30:03,359.10
12/11/2019 11:33:21,359.10
12/11/2019 11:39:54,359.20
12/11/2019 11:43:11,359.20
12/11/2019 11:46:26,359.20
12/11/2019 11:49:45,359.20
12/11/2019 11:53:01,359.20
12/11/2019 11:56:16,359.20
12/11/2019 11:59:32,359.20
12/11/2019 12:06:46,359.30
12/11/2019 12:10:02,359.30
12/11/2019 12:13:17,359.30
12/11/2019 12:16:34,359.30
12/11/2019 12:19:53,359.30
12/11/2019 12:23:08,359.30
12/11/2019 12:29:40,359.40
12/11/2019 12:32:56,359.40
12/11/2019 12:36:11,359.40
12/11/2019 12:39:29,359.40
12/11/2019 12:42:45,359.40
12/11/2019 12:49:22,359.50
12/11/2019 12:52:39,359.50
12/11/2019 12:55:53,359.50
12/11/2019 12:59:11,359.50
12/11/2019 13:02:29,359.50
12/11/2019 13:05:45,359.50
12/11/2019 13:09:03,359.50
12/11/2019 13:15:38,359.60
12/11/2019 13:18:53,359.60
12/11/2019 13:22:11,359.60
12/11/2019 13:25:31,359.60
12/11/2019 13:28:52,359.60
12/11/2019 13:32:10,359.60
12/11/2019 13:35:26,359.60
12/11/2019 13:42:05,359.70
12/11/2019 13:45:21,359.70
12/11/2019 13:48:38,359.70
12/11/2019 13:51:54,359.70
12/11/2019 13:55:45,359.70
12/11/2019 13:59:14,359.70
12/11/2019 14:07:02,359.80
12/11/2019 14:11:32,359.80
12/11/2019 14:14:48,359.80
12/11/2019 14:18:08,359.80
12/11/2019 14:21:25,359.80
12/11/2019 14:24:40,359.80
12/11/2019 14:31:15,359.90
12/11/2019 14:34:31,359.90
12/11/2019 14:37:47,359.90
12/11/2019 14:41:04,359.90
12/11/2019 14:44:22,359.90
12/11/2019 14:47:41,359.90
12/11/2019 14:50:57,359.90
12/11/2019 14:54:12,359.90
12/11/2019 15:00:43,360.00
12/11/2019 15:04:00,360.00
12/11/2019 15:07:16,360.00
12/11/2019 15:10:31,360.00
12/11/2019 15:13:48,360.00
12/11/2019 15:17:03,360.00
12/11/2019 15:20:22,360.00
12/11/2019 15:23:38,360.00
12/11/2019 15:30:17,360.10
12/11/2019 15:33:33,360.10
12/11/2019 15:36:54,360.10
12/11/2019 15:40:09,360.10
12/11/2019 15:43:27,360.10
12/11/2019 15:46:45,360.10
12/11/2019 15:50:01,360.10
12/11/2019 15:53:17,360.10
12/11/2019 15:56:34,360.10
12/11/2019 15:59:52,360.10
12/11/2019 16:06:26,360.20
12/11/2019 16:09:43,360.20
12/11/2019 16:12:59,360.20
12/11/2019 16:16:33,360.20
12/11/2019 16:20:05,360.20
12/11/2019 16:23:33,360.20
12/11/2019 16:26:57,360.20
12/11/2019 16:30:26,360.20
12/11/2019 16:33:57,360.20
12/11/2019 16:37:24,360.20
12/11/2019 16:40:52,360.20
12/11/2019 16:44:30,360.20
12/11/2019 16:47:58,360.20
12/11/2019 16:54:49,360.30
12/11/2019 16:58:14,360.30
12/11/2019 17:01:48,360.30
12/11/2019 17:05:20,360.30
12/11/2019 17:08:46,360.30
12/11/2019 17:12:07,360.30
12/11/2019 17:15:31,360.30
12/11/2019 17:18:58,360.30
12/11/2019 17:22:17,360.30
12/11/2019 17:25:38,360.30
12/11/2019 17:29:02,360.30
12/11/2019 17:32:23,360.30
12/11/2019 17:35:43,360.30
12/11/2019 17:39:12,360.30
12/11/2019 17:42:33,360.30
12/11/2019 17:45:53,360.30
12/11/2019 17:49:14,360.30
12/11/2019 17:52:36,360.30
12/11/2019 17:55:55,360.30
12/11/2019 17:59:13,360.30
12/11/2019 18:02:31,360.30
12/11/2019 18:05:47,360.30
12/11/2019 18:09:02,360.30
12/11/2019 18:12:24,360.30
12/11/2019 18:15:40,360.30
12/11/2019 18:18:56,360.30
12/11/2019 18:22:12,360.30
12/11/2019 18:25:27,360.30
12/11/2019 18:28:43,360.30
12/11/2019 18:31:57,360.30
12/11/2019 18:35:13,360.30
12/11/2019 18:38:28,360.30
12/11/2019 18:41:44,360.30
12/11/2019 18:44:59,360.30
12/11/2019 18:48:15,360.30
12/11/2019 18:51:30,360.30
12/11/2019 18:54:47,360.30
12/11/2019 18:58:03,360.30
12/11/2019 19:06:08,360.30
,
Time,Total Energy
12/11/2019 5:45:13,358.60
12/11/2019 5:48:28,358.60
12/11/2019 5:51:44,358.60
12/11/2019 5:54:58,358.60
12/11/2019 5:58:14,358.60
12/11/2019 6:01:30,358.60
12/11/2019 6:04:45,358.60
12/11/2019 6:08:01,358.60
12/11/2019 6:11:15,358.60
12/11/2019 6:14:31,358.60
12/11/2019 6:17:46,358.60
12/11/2019 6:21:36,358.60
12/11/2019 6:24:52,358.60
12/11/2019 6:28:08,358.60
12/11/2019 6:31:24,358.60
12/11/2019 6:34:39,358.60
12/11/2019 6:37:55,358.60
12/11/2019 6:41:16,358.60
12/11/2019 6:44:32,358.60
12/11/2019 6:47:48,358.60
12/11/2019 6:51:04,358.60
12/11/2019 6:54:20,358.60
12/11/2019 6:57:35,358.60
12/11/2019 7:00:52,358.60
12/11/2019 7:04:06,358.60
12/11/2019 7:07:23,358.60
12/11/2019 7:10:39,358.60
12/11/2019 7:13:58,358.60
12/11/2019 7:17:14,358.60
12/11/2019 7:20:29,358.60
12/11/2019 7:23:44,358.60
12/11/2019 7:26:59,358.60
12/11/2019 7:30:15,358.60
12/11/2019 7:33:32,358.60
12/11/2019 7:36:48,358.60
12/11/2019 7:40:03,358.60
12/11/2019 7:43:18,358.60
12/11/2019 7:46:34,358.60
12/11/2019 7:49:49,358.60
12/11/2019 7:53:05,358.60
12/11/2019 7:56:20,358.60
12/11/2019 7:59:35,358.60
12/11/2019 8:02:51,358.60
12/11/2019 8:09:23,358.70
12/11/2019 8:12:39,358.70
12/11/2019 8:15:54,358.70
12/11/2019 8:19:12,358.70
12/11/2019 8:22:29,358.70
12/11/2019 8:25:46,358.70
12/11/2019 8:29:02,358.70
12/11/2019 8:32:18,358.70
12/11/2019 8:35:35,358.70
12/11/2019 8:38:51,358.70
12/11/2019 8:42:06,358.70
12/11/2019 8:45:22,358.70
12/11/2019 8:48:39,358.70
12/11/2019 8:55:09,358.80
12/11/2019 8:58:24,358.80
12/11/2019 9:01:40,358.80
12/11/2019 9:04:55,358.80
12/11/2019 9:08:11,358.80
12/11/2019 9:11:27,358.80
12/11/2019 9:14:41,358.80
12/11/2019 9:17:57,358.80
12/11/2019 9:24:29,358.90
12/11/2019 9:27:44,358.90
12/11/2019 9:31:01,358.90
12/11/2019 9:34:15,358.90
12/11/2019 9:37:32,358.90
12/11/2019 9:40:49,358.90
12/11/2019 9:44:04,358.90
12/11/2019 9:47:22,358.90
12/11/2019 9:53:54,359.00
12/11/2019 9:57:10,359.00
12/11/2019 10:00:26,359.00
12/11/2019 10:03:42,359.00
12/11/2019 10:06:57,359.00
12/11/2019 10:10:18,359.00
12/11/2019 10:13:55,359.00
12/11/2019 10:17:21,359.00
12/11/2019 10:24:27,359.10
12/11/2019 10:27:54,359.10
12/11/2019 10:31:09,359.10
12/11/2019 10:34:26,359.10
12/11/2019 10:37:42,359.10
12/11/2019 10:40:57,359.10
12/11/2019 10:44:14,359.10
12/11/2019 10:50:46,359.20
12/11/2019 10:54:04,359.20
12/11/2019 10:57:20,359.20
12/11/2019 11:00:36,359.20
12/11/2019 11:03:53,359.20
12/11/2019 11:07:10,359.20
12/11/2019 11:10:25,359.20
12/11/2019 11:16:58,359.30
12/11/2019 11:20:13,359.30
12/11/2019 11:23:32,359.30
12/11/2019 11:26:48,359.30
12/11/2019 11:30:03,359.30
12/11/2019 11:36:37,359.40
12/11/2019 11:39:54,359.40
12/11/2019 11:43:11,359.40
12/11/2019 11:46:26,359.40
12/11/2019 11:49:45,359.40
12/11/2019 11:53:01,359.40
12/11/2019 11:59:32,359.50
12/11/2019 12:03:30,359.50
12/11/2019 12:06:46,359.50
12/11/2019 12:10:02,359.50
12/11/2019 12:13:17,359.50
12/11/2019 12:16:34,359.50
12/11/2019 12:19:53,359.50
12/11/2019 12:26:24,359.60
12/11/2019 12:29:40,359.60
12/11/2019 12:32:56,359.60
12/11/2019 12:36:11,359.60
12/11/2019 12:39:29,359.60
12/11/2019 12:46:04,359.70
12/11/2019 12:49:22,359.70
12/11/2019 12:52:39,359.70
12/11/2019 12:55:53,359.70
12/11/2019 12:59:11,359.70
12/11/2019 13:02:29,359.70
12/11/2019 13:09:03,359.80
12/11/2019 13:12:19,359.80
12/11/2019 13:15:38,359.80
12/11/2019 13:18:53,359.80
12/11/2019 13:22:11,359.80
12/11/2019 13:25:31,359.80
12/11/2019 13:28:52,359.80
12/11/2019 13:35:26,359.90
12/11/2019 13:38:45,359.90
12/11/2019 13:42:05,359.90
12/11/2019 13:45:21,359.90
12/11/2019 13:48:38,359.90
12/11/2019 13:51:54,359.90
12/11/2019 13:55:45,359.90
12/11/2019 14:02:58,360.00
12/11/2019 14:07:02,360.00
12/11/2019 14:11:32,360.00
12/11/2019 14:14:48,360.00
12/11/2019 14:18:08,360.00
12/11/2019 14:24:40,360.10
12/11/2019 14:27:59,360.10
12/11/2019 14:31:15,360.10
12/11/2019 14:34:31,360.10
12/11/2019 14:37:47,360.10
12/11/2019 14:41:04,360.10
12/11/2019 14:44:22,360.10
12/11/2019 14:50:57,360.20
12/11/2019 14:54:12,360.20
12/11/2019 14:57:28,360.20
12/11/2019 15:00:43,360.20
12/11/2019 15:04:00,360.20
12/11/2019 15:07:16,360.20
12/11/2019 15:10:31,360.20
12/11/2019 15:13:48,360.20
12/11/2019 15:20:22,360.30
12/11/2019 15:23:38,360.30
12/11/2019 15:26:57,360.30
12/11/2019 15:30:17,360.30
12/11/2019 15:33:33,360.30
12/11/2019 15:36:54,360.30
12/11/2019 15:40:09,360.30
12/11/2019 15:43:27,360.30
12/11/2019 15:46:45,360.30
12/11/2019 15:50:01,360.30
12/11/2019 15:56:34,360.40
12/11/2019 15:59:52,360.40
12/11/2019 16:03:08,360.40
12/11/2019 16:06:26,360.40
12/11/2019 16:09:43,360.40
12/11/2019 16:12:59,360.40
12/11/2019 16:16:33,360.40
12/11/2019 16:20:05,360.40
12/11/2019 16:23:33,360.40
12/11/2019 16:26:57,360.40
12/11/2019 16:30:26,360.40
12/11/2019 16:33:57,360.40
12/11/2019 16:40:52,360.50
12/11/2019 16:44:30,360.50
12/11/2019 16:47:58,360.50
12/11/2019 16:51:22,360.50
12/11/2019 16:54:49,360.50
12/11/2019 16:58:14,360.50
12/11/2019 17:01:48,360.50
12/11/2019 17:05:20,360.50
12/11/2019 17:08:46,360.50
12/11/2019 17:12:07,360.50
12/11/2019 17:15:31,360.50
12/11/2019 17:18:58,360.50
12/11/2019 17:22:17,360.50
12/11/2019 17:25:38,360.50
12/11/2019 17:29:02,360.50
12/11/2019 17:32:23,360.50
12/11/2019 17:35:43,360.50
12/11/2019 17:39:12,360.50
12/11/2019 17:42:33,360.50
12/11/2019 17:45:53,360.50
12/11/2019 17:49:14,360.50
12/11/2019 17:52:36,360.50
12/11/2019 17:55:55,360.50
12/11/2019 17:59:13,360.50
12/11/2019 18:02:31,360.50
12/11/2019 18:05:47,360.50
12/11/2019 18:09:02,360.50
12/11/2019 18:12:24,360.50
12/11/2019 18:15:40,360.50
12/11/2019 18:18:56,360.50
12/11/2019 18:22:12,360.50
12/11/2019 18:25:27,360.50
12/11/2019 18:28:43,360.50
12/11/2019 18:31:57,360.50
12/11/2019 18:35:13,360.50
12/11/2019 18:38:28,360.50
12/11/2019 18:41:44,360.50
12/11/2019 18:44:59,360.50
12/11/2019 18:48:15,360.50
12/11/2019 18:51:30,360.50
12/11/2019 18:54:47,360.50
12/11/2019 18:58:03,360.50
12/11/2019 19:06:08,360.50
,
Time,Total Energy
12/11/2019 5:45:13,359.10
12/11/2019 5:48:28,359.10
12/11/2019 5:51:44,359.10
12/11/2019 5:54:58,359.10
12/11/2019 5:58:14,359.10
12/11/2019 6:01:30,359.10
12/11/2019 6:04:45,359.10
12/11/2019 6:08:01,359.10
12/11/2019 6:11:15,359.10
12/11/2019 6:14:31,359.10
12/11/2019 6:17:46,359.10
12/11/2019 6:21:36,359.10
12/11/2019 6:24:52,359.10
12/11/2019 6:28:08,359.10
12/11/2019 6:31:24,359.10
12/11/2019 6:34:39,359.10
12/11/2019 6:37:55,359.10
12/11/2019 6:41:16,359.10
12/11/2019 6:44:32,359.10
12/11/2019 6:47:48,359.10
12/11/2019 6:51:04,359.10
12/11/2019 6:54:20,359.10
12/11/2019 6:57:35,359.10
12/11/2019 7:00:52,359.10
12/11/2019 7:04:06,359.10
12/11/2019 7:07:23,359.10
12/11/2019 7:10:39,359.10
12/11/2019 7:13:58,359.10
12/11/2019 7:17:14,359.10
12/11/2019 7:20:29,359.10
12/11/2019 7:23:44,359.10
12/11/2019 7:26:59,359.10
12/11/2019 7:30:15,359.10
12/11/2019 7:33:32,359.10
12/11/2019 7:36:48,359.10
12/11/2019 7:40:03,359.10
12/11/2019 7:43:18,359.10
12/11/2019 7:46:34,359.10
12/11/2019 7:49:49,359.10
12/11/2019 7:53:05,359.10
12/11/2019 7:56:20,359.10
12/11/2019 7:59:35,359.10
12/11/2019 8:02:51,359.10
12/11/2019 8:09:23,359.20
12/11/2019 8:12:39,359.20
12/11/2019 8:15:54,359.20
12/11/2019 8:19:12,359.20
12/11/2019 8:22:29,359.20
12/11/2019 8:25:46,359.20
12/11/2019 8:29:02,359.20
12/11/2019 8:32:18,359.20
12/11/2019 8:35:35,359.20
12/11/2019 8:38:51,359.20
12/11/2019 8:42:06,359.20
12/11/2019 8:48:39,359.30
12/11/2019 8:51:54,359.30
12/11/2019 8:55:09,359.30
12/11/2019 8:58:24,359.30
12/11/2019 9:01:40,359.30
12/11/2019 9:04:55,359.30
12/11/2019 9:08:11,359.30
12/11/2019 9:11:27,359.30
12/11/2019 9:14:41,359.30
12/11/2019 9:17:57,359.30
12/11/2019 9:24:29,359.40
12/11/2019 9:27:44,359.40
12/11/2019 9:31:01,359.40
12/11/2019 9:34:15,359.40
12/11/2019 9:37:32,359.40
12/11/2019 9:40:49,359.40
12/11/2019 9:44:04,359.40
12/11/2019 9:47:22,359.40
12/11/2019 9:53:54,359.50
12/11/2019 9:57:10,359.50
12/11/2019 10:00:26,359.50
12/11/2019 10:03:42,359.50
12/11/2019 10:06:57,359.50
12/11/2019 10:10:18,359.50
12/11/2019 10:13:55,359.50
12/11/2019 10:17:21,359.50
12/11/2019 10:24:27,359.60
12/11/2019 10:27:54,359.60
12/11/2019 10:31:09,359.60
12/11/2019 10:34:26,359.60
12/11/2019 10:37:42,359.60
12/11/2019 10:40:57,359.60
12/11/2019 10:44:14,359.60
12/11/2019 10:50:46,359.70
12/11/2019 10:54:04,359.70
12/11/2019 10:57:20,359.70
12/11/2019 11:00:36,359.70
12/11/2019 11:03:53,359.70
12/11/2019 11:07:10,359.70
12/11/2019 11:13:41,359.80
12/11/2019 11:16:58,359.80
12/11/2019 11:20:13,359.80
12/11/2019 11:23:32,359.80
12/11/2019 11:26:48,359.80
12/11/2019 11:30:03,359.80
12/11/2019 11:36:37,359.90
12/11/2019 11:39:54,359.90
12/11/2019 11:43:11,359.90
12/11/2019 11:46:26,359.90
12/11/2019 11:49:45,359.90
12/11/2019 11:53:01,359.90
12/11/2019 11:59:32,360.00
12/11/2019 12:03:30,360.00
12/11/2019 12:06:46,360.00
12/11/2019 12:10:02,360.00
12/11/2019 12:13:17,360.00
12/11/2019 12:16:34,360.00
12/11/2019 12:19:53,360.00
12/11/2019 12:26:24,360.10
12/11/2019 12:29:40,360.10
12/11/2019 12:32:56,360.10
12/11/2019 12:36:11,360.10
12/11/2019 12:39:29,360.10
12/11/2019 12:46:04,360.20
12/11/2019 12:49:22,360.20
12/11/2019 12:52:39,360.20
12/11/2019 12:55:53,360.20
12/11/2019 12:59:11,360.20
12/11/2019 13:02:29,360.20
12/11/2019 13:09:03,360.30
12/11/2019 13:12:19,360.30
12/11/2019 13:15:38,360.30
12/11/2019 13:18:53,360.30
12/11/2019 13:22:11,360.30
12/11/2019 13:25:31,360.30
12/11/2019 13:28:52,360.30
12/11/2019 13:35:26,360.40
12/11/2019 13:38:45,360.40
12/11/2019 13:42:05,360.40
12/11/2019 13:45:21,360.40
12/11/2019 13:48:38,360.40
12/11/2019 13:51:54,360.40
12/11/2019 13:59:14,360.50
12/11/2019 14:02:58,360.50
12/11/2019 14:07:02,360.50
12/11/2019 14:11:32,360.50
12/11/2019 14:14:48,360.50
12/11/2019 14:18:08,360.50
12/11/2019 14:24:40,360.60
12/11/2019 14:27:59,360.60
12/11/2019 14:31:15,360.60
12/11/2019 14:34:31,360.60
12/11/2019 14:37:47,360.60
12/11/2019 14:41:04,360.60
12/11/2019 14:44:22,360.60
12/11/2019 14:50:57,360.70
12/11/2019 14:54:12,360.70
12/11/2019 14:57:28,360.70
12/11/2019 15:00:43,360.70
12/11/2019 15:04:00,360.70
12/11/2019 15:07:16,360.70
12/11/2019 15:10:31,360.70
12/11/2019 15:13:48,360.70
12/11/2019 15:20:22,360.80
12/11/2019 15:23:38,360.80
12/11/2019 15:26:57,360.80
12/11/2019 15:30:17,360.80
12/11/2019 15:33:33,360.80
12/11/2019 15:36:54,360.80
12/11/2019 15:40:09,360.80
12/11/2019 15:43:27,360.80
12/11/2019 15:46:45,360.80
12/11/2019 15:50:01,360.80
12/11/2019 15:56:34,360.90
12/11/2019 15:59:52,360.90
12/11/2019 16:03:08,360.90
12/11/2019 16:06:26,360.90
12/11/2019 16:09:43,360.90
12/11/2019 16:12:59,360.90
12/11/2019 16:16:33,360.90
12/11/2019 16:20:05,360.90
12/11/2019 16:23:33,360.90
12/11/2019 16:26:57,360.90
12/11/2019 16:30:26,360.90
12/11/2019 16:33:57,360.90
12/11/2019 16:40:52,361.00
12/11/2019 16:44:30,361.00
12/11/2019 16:47:58,361.00
12/11/2019 16:51:22,361.00
12/11/2019 16:54:49,361.00
12/11/2019 16:58:14,361.00
12/11/2019 17:01:48,361.00
12/11/2019 17:05:20,361.00
12/11/2019 17:08:46,361.00
12/11/2019 17:12:07,361.00
12/11/2019 17:15:31,361.00
12/11/2019 17:18:58,361.00
12/11/2019 17:22:17,361.00
12/11/2019 17:25:38,361.00
12/11/2019 17:29:02,361.00
12/11/2019 17:32:23,361.00
12/11/2019 17:35:43,361.00
12/11/2019 17:39:12,361.00
12/11/2019 17:42:33,361.00
12/11/2019 17:45:53,361.00
12/11/2019 17:49:14,361.00
12/11/2019 17:52:36,361.00
12/11/2019 17:55:55,361.00
12/11/2019 17:59:13,361.00
12/11/2019 18:02:31,361.00
12/11/2019 18:05:47,361.00
12/11/2019 18:09:02,361.00
12/11/2019 18:12:24,361.00
12/11/2019 18:15:40,361.00
12/11/2019 18:18:56,361.00
12/11/2019 18:22:12,361.00
12/11/2019 18:25:27,361.00
12/11/2019 18:28:43,361.00
12/11/2019 18:31:57,361.00
12/11/2019 18:35:13,361.00
12/11/2019 18:38:28,361.00
12/11/2019 18:41:44,361.00
12/11/2019 18:44:59,361.00
12/11/2019 18:48:15,361.00
12/11/2019 18:51:30,361.00
12/11/2019 18:54:47,361.00
12/11/2019 18:58:03,361.00
12/11/2019 19:06:08,361.00
,
Time,Total Energy
12/11/2019 5:45:13,367.10
12/11/2019 5:48:28,367.10
12/11/2019 5:51:44,367.10
12/11/2019 5:54:58,367.10
12/11/2019 5:58:14,367.10
12/11/2019 6:01:30,367.10
12/11/2019 6:04:45,367.10
12/11/2019 6:08:01,367.10
12/11/2019 6:11:15,367.10
12/11/2019 6:14:31,367.10
12/11/2019 6:17:46,367.10
12/11/2019 6:21:36,367.10
12/11/2019 6:24:52,367.10
12/11/2019 6:28:08,367.10
12/11/2019 6:31:24,367.10
12/11/2019 6:34:39,367.10
12/11/2019 6:37:55,367.10
12/11/2019 6:41:16,367.10
12/11/2019 6:44:32,367.10
12/11/2019 6:47:48,367.10
12/11/2019 6:51:04,367.10
12/11/2019 6:54:20,367.10
12/11/2019 6:57:35,367.10
12/11/2019 7:00:52,367.10
12/11/2019 7:04:06,367.10
12/11/2019 7:07:23,367.10
12/11/2019 7:10:39,367.10
12/11/2019 7:13:58,367.10
12/11/2019 7:17:14,367.10
12/11/2019 7:20:29,367.10
12/11/2019 7:23:44,367.10
12/11/2019 7:26:59,367.10
12/11/2019 7:30:15,367.10
12/11/2019 7:33:32,367.10
12/11/2019 7:36:48,367.10
12/11/2019 7:40:03,367.10
12/11/2019 7:46:34,367.20
12/11/2019 7:49:49,367.20
12/11/2019 7:53:05,367.20
12/11/2019 7:56:20,367.20
12/11/2019 7:59:35,367.20
12/11/2019 8:02:51,367.20
12/11/2019 8:06:06,367.20
12/11/2019 8:09:23,367.20
12/11/2019 8:12:39,367.20
12/11/2019 8:15:54,367.20
12/11/2019 8:19:12,367.20
12/11/2019 8:22:29,367.20
12/11/2019 8:25:46,367.20
12/11/2019 8:29:02,367.20
12/11/2019 8:35:35,367.30
12/11/2019 8:38:51,367.30
12/11/2019 8:42:06,367.30
12/11/2019 8:45:22,367.30
12/11/2019 8:48:39,367.30
12/11/2019 8:51:54,367.30
12/11/2019 8:55:09,367.30
12/11/2019 8:58:24,367.30
12/11/2019 9:01:40,367.30
12/11/2019 9:04:55,367.30
12/11/2019 9:08:11,367.30
12/11/2019 9:14:41,367.40
12/11/2019 9:17:57,367.40
12/11/2019 9:21:12,367.40
12/11/2019 9:24:29,367.40
12/11/2019 9:27:44,367.40
12/11/2019 9:31:01,367.40
12/11/2019 9:34:15,367.40
12/11/2019 9:37:32,367.40
12/11/2019 9:44:04,367.50
12/11/2019 9:47:22,367.50
12/11/2019 9:50:37,367.50
12/11/2019 9:53:54,367.50
12/11/2019 9:57:10,367.50
12/11/2019 10:00:26,367.50
12/11/2019 10:03:42,367.50
12/11/2019 10:10:18,367.60
12/11/2019 10:13:55,367.60
12/11/2019 10:17:21,367.60
12/11/2019 10:21:08,367.60
12/11/2019 10:24:27,367.60
12/11/2019 10:27:54,367.60
12/11/2019 10:34:26,367.70
12/11/2019 10:37:42,367.70
12/11/2019 10:40:57,367.70
12/11/2019 10:44:14,367.70
12/11/2019 10:47:31,367.70
12/11/2019 10:50:46,367.70
12/11/2019 10:54:04,367.70
12/11/2019 11:00:36,367.80
12/11/2019 11:03:53,367.80
12/11/2019 11:07:10,367.80
12/11/2019 11:10:25,367.80
12/11/2019 11:13:41,367.80
12/11/2019 11:16:58,367.80
12/11/2019 11:20:13,367.80
12/11/2019 11:26:48,367.90
12/11/2019 11:30:03,367.90
12/11/2019 11:33:21,367.90
12/11/2019 11:36:37,367.90
12/11/2019 11:39:54,367.90
12/11/2019 11:46:26,368.00
12/11/2019 11:49:45,368.00
12/11/2019 11:53:01,368.00
12/11/2019 11:56:16,368.00
12/11/2019 11:59:32,368.00
12/11/2019 12:03:30,368.00
12/11/2019 12:10:02,368.10
12/11/2019 12:13:17,368.10
12/11/2019 12:16:34,368.10
12/11/2019 12:19:53,368.10
12/11/2019 12:23:08,368.10
12/11/2019 12:26:24,368.10
12/11/2019 12:29:40,368.10
12/11/2019 12:36:11,368.20
12/11/2019 12:39:29,368.20
12/11/2019 12:42:45,368.20
12/11/2019 12:46:04,368.20
12/11/2019 12:49:22,368.20
12/11/2019 12:52:39,368.20
12/11/2019 12:59:11,368.30
12/11/2019 13:02:29,368.30
12/11/2019 13:05:45,368.30
12/11/2019 13:09:03,368.30
12/11/2019 13:12:19,368.30
12/11/2019 13:18:53,368.40
12/11/2019 13:22:11,368.40
12/11/2019 13:25:31,368.40
12/11/2019 13:28:52,368.40
12/11/2019 13:32:10,368.40
12/11/2019 13:35:26,368.40
12/11/2019 13:38:45,368.40
12/11/2019 13:45:21,368.50
12/11/2019 13:48:38,368.50
12/11/2019 13:51:54,368.50
12/11/2019 13:55:45,368.50
12/11/2019 13:59:14,368.50
12/11/2019 14:02:58,368.50
12/11/2019 14:11:32,368.60
12/11/2019 14:14:48,368.60
12/11/2019 14:18:08,368.60
12/11/2019 14:21:25,368.60
12/11/2019 14:24:40,368.60
12/11/2019 14:27:59,368.60
12/11/2019 14:34:31,368.70
12/11/2019 14:37:47,368.70
12/11/2019 14:41:04,368.70
12/11/2019 14:44:22,368.70
12/11/2019 14:47:41,368.70
12/11/2019 14:50:57,368.70
12/11/2019 14:54:12,368.70
12/11/2019 15:00:43,368.80
12/11/2019 15:04:00,368.80
12/11/2019 15:07:16,368.80
12/11/2019 15:10:31,368.80
12/11/2019 15:13:48,368.80
12/11/2019 15:17:03,368.80
12/11/2019 15:20:22,368.80
12/11/2019 15:23:38,368.80
12/11/2019 15:26:57,368.80
12/11/2019 15:30:17,368.80
12/11/2019 15:36:54,368.90
12/11/2019 15:40:09,368.90
12/11/2019 15:43:27,368.90
12/11/2019 15:46:45,368.90
12/11/2019 15:50:01,368.90
12/11/2019 15:53:17,368.90
12/11/2019 15:56:34,368.90
12/11/2019 15:59:52,368.90
12/11/2019 16:03:08,368.90
12/11/2019 16:09:43,369.00
12/11/2019 16:12:59,369.00
12/11/2019 16:16:33,369.00
12/11/2019 16:20:05,369.00
12/11/2019 16:23:33,369.00
12/11/2019 16:26:57,369.00
12/11/2019 16:30:26,369.00
12/11/2019 16:33:57,369.00
12/11/2019 16:37:24,369.00
12/11/2019 16:40:52,369.00
12/11/2019 16:44:30,369.00
12/11/2019 16:47:58,369.00
12/11/2019 16:51:22,369.00
12/11/2019 16:54:49,369.00
12/11/2019 17:01:48,369.10
12/11/2019 17:05:20,369.10
12/11/2019 17:08:46,369.10
12/11/2019 17:12:07,369.10
12/11/2019 17:15:31,369.10
12/11/2019 17:18:58,369.10
12/11/2019 17:22:17,369.10
12/11/2019 17:25:38,369.10
12/11/2019 17:29:02,369.10
12/11/2019 17:32:23,369.10
12/11/2019 17:35:43,369.10
12/11/2019 17:39:12,369.10
12/11/2019 17:42:33,369.10
12/11/2019 17:45:53,369.10
12/11/2019 17:49:14,369.10
12/11/2019 17:52:36,369.10
12/11/2019 17:55:55,369.10
12/11/2019 17:59:13,369.10
12/11/2019 18:02:31,369.10
12/11/2019 18:05:47,369.10
12/11/2019 18:09:02,369.10
12/11/2019 18:12:24,369.10
12/11/2019 18:15:40,369.10
12/11/2019 18:18:56,369.10
12/11/2019 18:22:12,369.10
12/11/2019 18:25:27,369.10
12/11/2019 18:28:43,369.10
12/11/2019 18:31:57,369.10
12/11/2019 18:35:13,369.10
12/11/2019 18:38:28,369.10
12/11/2019 18:41:44,369.10
12/11/2019 18:44:59,369.10
12/11/2019 18:48:15,369.10
12/11/2019 18:51:30,369.10
12/11/2019 18:54:47,369.10
12/11/2019 18:58:03,369.10
12/11/2019 19:06:08,369.10